t,X,Y,Z,p
0.0,970061.6227529575,5624250.967482469,2847045.047559735,20594197.846883874
5.0,970048.5768641311,5624255.721289291,2847040.10159122,20592428.88531632
10.0,970035.9345194655,5624261.253590906,2847033.480150347,20590663.253197644
15.0,970024.1792250281,5624267.397971568,2847025.3472410366,20588901.09742148
20.0,970013.7076574449,5624273.928100939,2847016.014819847,20587142.615176037
25.0,970004.7908347913,5624280.579888772,2847005.912260029,20585388.03457706
30.0,969997.5475871771,5624287.0773357265,2846995.5443219817,20583637.592343245
35.0,969991.9329240004,5624293.159549881,2846985.4417440887,20581891.510717776
40.0,969987.7424368545,5624298.606284364,2846976.109290349,20580149.975904737
45.0,969984.6323074495,5624303.259496276,2846967.976340257,20578413.120131392
50.0,969982.1529623299,5624307.038816578,2846961.354857643,20576681.00908244
55.0,969979.7930801677,5624309.949416664,2846956.4088529483,20574953.635918174
60.0,969977.0296438242,5624312.081501677,2846953.138328346,20573230.922436565
65.0,969973.3791374961,5624313.6014802,2846951.3792773853,20571512.72723603
70.0,969968.4448771138,5624314.735674818,2846950.819739213,20569798.860048324
75.0,969961.9558407137,5624315.748168102,2846951.030335775,20568089.10080892
80.0,969953.7931976983,5624316.914952638,2846951.5063026706,20566383.221572846
85.0,969944.0019402265,5624318.496915406,2846951.71689922,20564681.009112313
90.0,969932.7864784205,5624320.714300946,2846951.157361064,20562982.285974506
95.0,969920.4906308702,5624323.725152904,2846949.3983097994,20561286.92793843
100.0,969907.5639693544,5624327.60984416,2846946.1277831923,20559594.876171585
105.0,969894.5178122438,5624332.363209778,2846941.181771916,20557906.14291513
110.0,969881.8751741345,5624337.895052834,2846934.560273795,20556220.810166072
115.0,969870.1195706854,5624344.038973613,2846926.427294169,20554539.021515574
120.0,969859.6476896355,5624350.568657926,2846917.094792294,20552860.967973392
125.0,969850.7305606109,5624357.220030231,2846906.992145132,20551186.869195957
130.0,969843.4870245769,5624363.717103002,2846896.6241174466,20549516.951981004
135.0,969837.8721000296,5624369.798992081,2846886.521452211,20547851.42815233
140.0,969833.6813850127,5624375.245453557,2846877.1889177863,20546190.474009212
145.0,969830.5710644085,5624379.898442392,2846869.05589738,20544534.213352114
150.0,969828.0915643425,5624383.677582517,2846862.4343575197,20542882.705736548
155.0,969825.7315595208,5624386.588034108,2846857.4883100647,20541235.94108622
160.0,969822.9680256773,5624388.719987976,2846854.217757187,20539593.841167375
165.0,969819.3174374189,5624390.239836682,2846852.458691018,20537956.267749775
170.0,969814.3830995625,5624391.373886653,2846851.899148009,20536323.036624007
175.0,969807.8939785949,5624392.38620576,2846852.1097463914,20534693.93607295
180.0,969799.7312330633,5624393.552774772,2846852.5857174015,20533068.747963805
185.0,969789.9398460281,5624395.1344729075,2846852.7963157715,20531447.26937762
190.0,969778.7242211606,5624397.3515417455,2846852.2367727784,20529829.332649484
195.0,969766.4281738803,5624400.362027072,2846850.4777063057,20528214.821857747
200.0,969753.501276383,5624404.24630879,2846847.207151424,20526603.684158247
205.0,969740.4548510063,5624408.999233189,2846842.2610973865,20524995.93487256
210.0,969727.8119194738,5624414.530617676,2846835.63954202,20523391.655857924
215.0,969716.0560070329,5624420.674078554,2846827.506492081,20521790.98734838
220.0,969705.5838125369,5624427.203317796,2846818.1739095226,20520194.114097454
225.0,969696.6663771605,5624433.85427456,2846808.07117502,20518601.247208863
230.0,969689.4225527241,5624440.350973132,2846797.7030577003,20517012.603459317
235.0,969683.8073668219,5624446.432537124,2846787.6003051237,20515428.38415618
240.0,969679.6164239477,5624451.878725582,2846778.267690018,20513848.755609058
245.0,969676.5059121551,5624456.531491329,2846770.1345993,20512273.833127104
250.0,969674.0262571523,5624460.310451274,2846763.513002196,20510703.670098376
255.0,969671.666129678,5624463.220754362,2846758.566911981,20509138.253201563
260.0,969668.9024983405,5624465.352577082,2846755.2963308287,20507577.504192866
265.0,969665.2518281577,5624466.872295965,2846753.537249453,20506021.28806287
270.0,969660.317412833,5624468.006201287,2846752.977701606,20504469.426733013
275.0,969653.8282073046,5624469.018346212,2846753.1883018096,20502921.716920752
280.0,969645.6653592647,5624470.184699697,2846753.664276934,20501377.950398985
285.0,969635.8738426759,5624471.766133191,2846753.8748771255,20499837.934648063
290.0,969624.6580547598,5624473.982885321,2846753.3153292947,20498301.511869207
295.0,969612.3618077637,5624476.993004004,2846751.556247615,20496768.574498396
300.0,969599.4346743015,5624480.876876171,2846748.2856644588,20495239.075712174
305.0,969586.3879806775,5624485.62935934,2846743.339567662,20493713.03391581
310.0,969573.7447557413,5624491.160285242,2846736.7179550524,20492190.530800402
315.0,969561.9885343292,5624497.303286206,2846728.584834803,20490671.703189474
320.0,969551.5160264069,5624503.832080361,2846719.252171564,20489156.72950496
325.0,969542.5982846982,5624510.482621571,2846709.149349724,20487645.812207818
330.0,969535.3541718773,5624516.978945931,2846698.781142772,20486139.157957688
335.0,969529.7387246359,5624523.060184824,2846688.6783028585,20484636.95745262
340.0,969525.5475539181,5624528.506100254,2846679.3456070735,20483139.36693184
345.0,969522.4368509486,5624533.158642907,2846671.212446047,20481646.49315217
350.0,969519.9570410174,5624536.937422663,2846664.5907917,20480158.38329865
355.0,969517.5967908981,5624539.847577244,2846659.6446587276,20478675.020797912
360.0,969514.8330620728,5624541.97926881,2846656.3740493017,20477196.327418067
365.0,969511.1823099708,5624543.498857868,2846654.6149527193,20475722.171418868
370.0,969506.2478171838,5624544.632618535,2846654.0554000353,20474252.380922325
375.0,969499.758527101,5624545.644589274,2846654.2660020594,20472786.761164393
380.0,969491.5955765608,5624546.810727226,2846654.7419812987,20471325.11391327
385.0,969481.8039304288,5624548.391896074,2846654.95258331,20469867.257134892
390.0,969470.5879794762,5624550.608331485,2846654.3930306425,20468413.0429709
395.0,969458.291532779,5624553.618083515,2846652.6339337556,20466962.372269735
400.0,969445.364163369,5624557.501546121,2846649.3633223264,20465515.204258513
405.0,969432.3172015161,5624562.253588047,2846644.417182772,20464071.560428083
410.0,969419.6736831957,5624567.784055349,2846637.7955129202,20462631.52227705
415.0,969407.9171528326,5624573.926596385,2846629.662322363,20461195.22316626
420.0,969397.4443315043,5624580.454945439,2846620.329578447,20459762.83511321
425.0,969388.5262834823,5624587.105071078,2846610.226669272,20458334.551849484
430.0,969381.2818822946,5624593.601021215,2846599.858372692,20456910.56982574
435.0,969375.6661737302,5624599.681934999,2846589.7554454445,20455491.069042243
440.0,969371.474775182,5624605.12757739,2846580.4226689828,20454076.19559125
445.0,969368.3638810464,5624609.779896938,2846572.2894376493,20452666.047619887
450.0,969365.8839161965,5624613.558496499,2846565.6677260622,20451260.666077293
455.0,969363.5235434396,5624616.468502567,2846560.721550334,20449860.031132564
460.0,969360.7597171324,5624618.600062975,2846557.450912636,20448464.064587813
465.0,969357.108883117,5624620.119522204,2846555.6918008467,20447072.638019178
470.0,969352.1743128732,5624621.253138213,2846555.132243326,20445685.585816573
475.0,969345.6849382427,5624622.264934761,2846555.3428471703,20444302.721815012
480.0,969337.5218852104,5624623.430857174,2846555.8188305246,20442923.857863598
485.0,969327.730109545,5624625.011761369,2846556.0294343564,20441548.822495867
490.0,969316.5139955682,5624627.227880054,2846555.469876852,20440177.47786406
495.0,969304.2173491844,5624630.237265421,2846553.7107647583,20438809.73328043
500.0,969291.2897438434,5624634.120318455,2846550.440125057,20437445.55404998
505.0,969278.2425137801,5624638.871919124,2846545.4939427464,20436084.964749645
510.0,969265.5987020954,5624644.401927813,2846538.872215655,20434728.046659157
515.0,969253.8418628015,5624650.544008906,2846530.7389547923,20433374.929625906
520.0,969243.3687280873,5624657.071912844,2846521.4061302016,20432025.77919264
525.0,969234.4503737714,5624663.721622899,2846511.303133695,20430680.78027859
530.0,969227.2056842347,5624670.2171988,2846500.934747489,20429340.119037677
535.0,969221.5897143625,5624676.29778746,2846490.8317329106,20428003.964688398
540.0,969217.3980879978,5624681.743156802,2846481.498875776,20426672.453103825
545.0,969214.287002708,5624686.395253238,2846473.3655741382,20425345.67376768
550.0,969211.8068829479,5624690.173672597,2846466.7438053126,20424023.66136305
555.0,969209.4463875607,5624693.083530148,2846461.797586829,20422706.39279756
560.0,969206.6824637777,5624695.214959392,2846458.5269208597,20421393.789929625
565.0,969203.0315478543,5624696.7342887875,2846456.7677938654,20420085.727697756
570.0,969198.0969001595,5624697.867760136,2846456.2082315073,20418782.046824664
575.0,969191.6074409878,5624698.879382487,2846456.4188371724,20417482.56982152
580.0,969183.4442854716,5624700.045089357,2846456.894824641,20416187.118699837
585.0,969173.6523802833,5624701.625728894,2846457.1054302934,20414895.532638382
590.0,969162.4361032944,5624703.841530843,2846456.545867952,20413607.683866065
595.0,969150.1392572388,5624706.850549538,2846454.7867406528,20412323.49020665
600.0,969137.2114159833,5624710.733192988,2846451.5160726802,20411042.92306776
605.0,969124.1639177284,5624715.4843523875,2846446.569847615,20409766.01011159
610.0,969111.5198126989,5624721.01390245,2846439.948063286,20408492.832372595
615.0,969099.7626644947,5624727.155523584,2846431.8147321194,20407223.516135324
620.0,969089.2892164144,5624733.682982391,2846422.481826857,20405958.220400143
625.0,969080.3705558239,5624740.33227685,2846412.3787430217,20404697.121194594
630.0,969073.1255779559,5624746.827478499,2846402.0102671944,20403440.39429252
635.0,969067.509346792,5624752.907742024,2846391.9071652875,20402188.19805122
640.0,969063.3174926243,5624758.352838309,2846382.574227482,20400940.658056717
645.0,969060.2062161908,5624763.004711623,2846374.4408555427,20399697.85507945
650.0,969057.7259415302,5624766.782950773,2846367.8190294807,20398459.817509145
655.0,969055.3653235199,5624769.692659799,2846362.872768244,20397226.518989533
660.0,969052.6013022673,5624771.823957878,2846359.6020740042,20395997.881457772
665.0,969048.9503044414,5624773.343157435,2846357.8429318047,20394773.783259552
670.0,969044.0155793013,5624774.476484118,2846357.28336461,20393554.07151271
675.0,969037.526035595,5624775.487932269,2846357.493972095,20392338.57747816
680.0,969029.3627776032,5624776.653423591,2846357.9699636777,20391127.133407086
685.0,969019.5707429014,5624778.233798461,2846358.180571151,20389919.58919669
690.0,969008.354302913,5624780.449283666,2846357.6210039724,20388715.827214282
695.0,968996.0572572,5624783.457935679,2846355.8618614683,20387515.77383932
700.0,968983.129180047,5624787.340169533,2846352.5911652255,20386319.406604074
705.0,968970.0814136188,5624792.090887651,2846347.6448974074,20385126.75625377
710.0,968957.4370152648,5624797.619979071,2846341.023055842,20383937.903551262
715.0,968945.6795581704,5624803.761140235,2846332.889654375,20382752.971170314
720.0,968935.2057967444,5624810.288153897,2846323.556668444,20381572.111504003
725.0,968926.286829898,5624816.9370327415,2846313.4534972827,20380395.491612665
730.0,968919.0415637167,5624823.431860129,2846303.084931836,20379223.276811097
735.0,968913.4250712772,5624829.511798508,2846292.981742604,20378055.61452075
740.0,968909.2329893194,5624834.956621722,2846283.648724131,20376892.619977213
745.0,968906.1215217542,5624839.608271908,2846275.5152818924,20375734.365191612
750.0,968903.6410922016,5624843.386330841,2846268.8933985964,20374580.872235812
755.0,968901.2803515756,5624846.295891338,2846263.9470946076,20373432.11148888
760.0,968898.5162328596,5624848.427058245,2846260.6763720983,20372288.004989285
765.0,968894.8651531368,5624849.946127961,2846258.917214694,20371148.43453336
770.0,968889.930350557,5624851.079309975,2846258.357642663,20370013.253693894
775.0,968883.4407223229,5624852.090583923,2846258.568251969,20368882.302551426
780.0,968875.2773618631,5624853.255859689,2846259.0442476654,20367755.423669815
785.0,968865.4851976584,5624854.835969887,2846259.2548569585,20366632.477733355
790.0,968854.2685946827,5624857.051138341,2846258.695284944,20365513.357305158
795.0,968841.9713493272,5624860.059423661,2846256.936127235,20364397.997360762
800.0,968829.043036293,5624863.9412479075,2846253.6654027225,20363286.381576512
805.0,968815.9950017101,5624868.69152473,2846248.719092153,20362178.54377708
810.0,968803.350310051,5624874.220157495,2846242.0971933543,20361074.564427387
815.0,968791.5925440867,5624880.360858672,2846233.9637215887,20359974.562543996
820.0,968781.118469335,5624886.887427174,2846224.630654991,20358878.683850657
825.0,968772.1991962526,5624893.535890393,2846214.5273965076,20357787.08636878
830.0,968764.9536417759,5624900.030343504,2846204.158741445,20356699.92487979
835.0,968759.3368880757,5624906.109956725,2846194.0554648913,20355617.335799348
840.0,968755.1445783423,5624911.55450686,2846184.722365753,20354539.42395387
845.0,968752.0329196558,5624916.205933907,2846176.588853217,20353466.25255305
850.0,968749.5523352207,5624919.983812617,2846169.9669126887,20352397.83732934
855.0,968747.1914719861,5624922.893224578,2846165.02056595,20351334.14539786
860.0,968744.4272558129,5624925.0242603095,2846161.749815172,20350275.098921202
865.0,968740.7760941987,5624926.543200181,2846159.9906425634,20349220.583188448
870.0,968735.8412141849,5624927.676237521,2846159.431065696,20348170.45828445
875.0,968729.3515014297,5624928.687337262,2846159.641676822,20347124.57317564
880.0,968721.1880385102,5624929.852397467,2846160.117676633,20346082.78080711
885.0,968711.3957448126,5624931.432242986,2846160.3282877463,20345044.952714227
890.0,968700.1789788619,5624933.647094681,2846159.768710895,20344010.991708912
895.0,968687.8815338783,5624936.655013299,2846158.0095379823,20342980.841399483
900.0,968674.9529849801,5624940.536427926,2846154.7387852017,20341954.491623018
905.0,968661.9046822608,5624945.28626344,2846149.7924318817,20340931.979278624
910.0,968649.2596973166,5624950.814437537,2846143.170475851,20339913.384507127
915.0,968637.5016225026,5624956.954678712,2846135.0369337895,20338898.822623
920.0,968627.0272344456,5624963.48080204,2846125.703786529,20337888.432621486
925.0,968618.1076551462,5624970.128849617,2846115.6004407257,20336882.363417383
930.0,968610.8618123912,5624976.622928439,2846105.23169605,20335880.75918901
935.0,968605.2447974468,5624982.702216489,2846095.128332177,20334883.745281257
940.0,968601.0522599507,5624988.1464935355,2846085.795152377,20333891.416057236
945.0,968597.9404101546,5624992.797697435,2846077.661569547,20332903.825887132
950.0,968595.4596708461,5624996.575395917,2846071.039571788,20331920.984145325
955.0,968593.0986850105,5624999.484659337,2846066.0931823,20330942.85468542
960.0,968590.3343713857,5625001.615563887,2846062.822403255,20329969.35981691
965.0,968586.6831278859,5625003.134373909,2846061.063215443,20329000.388362464
970.0,968581.748170444,5625004.267266573,2846060.503633739,20328035.806973405
975.0,968575.2583731741,5625005.2781921,2846060.7142466856,20327075.47356448
980.0,968567.0948078029,5625006.443036742,2846061.19025061,20326119.251526095
985.0,968557.3023846224,5625008.022617574,2846061.4008635436,20325167.023304
990.0,968546.0854557089,5625010.237152501,2846060.841281857,20324218.702007428
995.0,968533.787811112,5625013.244704406,2846059.08209374,20323274.239910312
1000.0,968520.8590263665,5625017.125709404,2846055.811312692,20322333.63302444
1005.0,968507.8104555296,5625021.875103597,2846050.8649166236,20321396.92131695
1010.0,968495.1651773195,5625027.40281901,2846044.2429033625,20320464.18457848
1015.0,968483.4067936763,5625033.54260017,2846036.109291008,20319535.534378156
1020.0,968472.9320923339,5625040.068278307,2846026.776063087,20318611.102926556
1025.0,968464.012206837,5625046.715910233,2846016.6726299673,20317691.029968154
1030.0,968456.7660758216,5625053.20961475,2846006.3037956813,20316775.449013226
1035.0,968451.1487996487,5625059.288577619,2845996.200344493,20315864.47427586
1040.0,968446.9560344035,5625064.732581564,2845986.867084033,20314958.189606544
1045.0,968443.8439935091,5625069.38356231,2845978.733430911,20314056.640501868
1050.0,968441.363099336,5625073.161080553,2845972.1113759237,20313159.829962537
1055.0,968439.0019909065,5625076.070195428,2845967.1649436885,20312267.71858459
1060.0,968436.2375798369,5625078.2009687945,2845963.894136377,20311380.228847433
1065.0,968432.5862544565,5625079.719648962,2845962.1349333613,20310497.253146652
1070.0,968427.6512195923,5625080.8523969455,2845961.5753468224,20309618.664751682
1075.0,968421.1613378143,5625081.863148255,2845961.7859615884,20308744.33058417
1080.0,968412.9976699997,5625083.027777325,2845962.261969627,20307874.124539383
1085.0,968403.2051173461,5625084.607093466,2845962.472584381,20307007.94002792
1090.0,968391.9880254825,5625086.821311617,2845961.9129978577,20306145.700500254
1095.0,968379.6901812868,5625089.8284968,2845960.153794538,20305287.366924994
1100.0,968366.7611607106,5625093.709092157,2845956.882985223,20304432.941499755
1105.0,968353.7123217743,5625098.458045014,2845951.936546407,20303582.46725199
1110.0,968341.0667503187,5625103.985301731,2845945.314475919,20302736.023596145
1115.0,968329.3080578665,5625110.12462286,2845937.1807932737,20301893.71831445
1120.0,968318.8330432588,5625116.649855793,2845927.8474846943,20301055.67677962
1125.0,968309.9128515832,5625123.29707205,2845917.7439642614,20300222.029506322
1130.0,968302.6664323255,5625129.790402252,2845907.375040369,20299392.899276625
1135.0,968297.0488949397,5625135.869039927,2845897.2715018676,20298568.389118876
1140.0,968292.8559019591,5625141.3127707625,2845887.938160751,20297748.572326414
1145.0,968289.7436699776,5625145.9635283435,2845879.8044373393,20296933.485492345
1150.0,968287.2626209492,5625149.7408663435,2845873.182325126,20296123.12523101
1155.0,968284.9013899331,5625152.649832667,2845868.2358501446,20295317.44888654
1160.0,968282.1368814245,5625154.780474843,2845864.9650145676,20294516.379131272
1165.0,968278.4854741696,5625156.299025155,2845863.20579635,20293719.81197168
1170.0,968273.5503618885,5625157.431628453,2845862.6462049745,20292927.627344098
1175.0,968267.060395609,5625158.442205542,2845862.8568215608,20292139.701231692
1180.0,968258.896625359,5625159.606619038,2845863.3328337125,20291355.91808951
1185.0,968249.1039432426,5625161.185670477,2845863.5434502866,20290576.1823426
1190.0,968237.8866884408,5625163.399571843,2845862.9838589276,20289800.427822035
1195.0,968225.588644661,5625166.406390295,2845861.2246404057,20289028.624216154
1200.0,968212.6593882708,5625170.286575997,2845857.9538028254,20288260.77991684
1205.0,968199.6102812542,5625175.035087508,2845853.007321264,20287496.941002663
1210.0,968186.9644165724,5625180.561885514,2845846.38519355,20286737.186486118
1215.0,968175.2054153315,5625186.700746599,2845838.251440616,20285981.620322622
1220.0,968164.7300874788,5625193.225534314,2845828.9180513816,20285230.360997014
1225.0,968155.8095896438,5625199.872334886,2845818.814443638,20284483.52973881
1230.0,968148.5628821615,5625206.36529076,2845808.4454301423,20283741.238546673
1235.0,968142.9450835786,5625212.44360323,2845798.3418043307,20283003.579213414
1240.0,968138.7518628762,5625217.887060945,2845789.00838256,20282270.61443558
1245.0,968135.6394398186,5625222.537595352,2845780.874588862,20281542.371877033
1250.0,968133.1582359438,5625226.314753101,2845774.252419424,20280818.841756184
1255.0,968130.7968823487,5625229.223570868,2845769.305901698,20280099.978172485
1260.0,968128.0322764071,5625231.3540818505,2845766.0350378565,20279385.704014387
1265.0,968124.380787283,5625232.872502301,2845764.2758044368,20278675.918935604
1270.0,968119.4455975911,5625234.00496091,2845763.7162082256,20277970.509585336
1275.0,968112.9555468165,5625235.015363773,2845763.926826632,20277269.361058902
1280.0,968104.7916741392,5625236.179561688,2845764.4028428975,20276572.368421335
1285.0,968094.99886257,5625237.758348423,2845764.6134612914,20275879.447156828
1290.0,968083.7814448423,5625239.971932996,2845764.053865097,20275190.54151166
1295.0,968071.483201493,5625242.978384706,2845762.2946313727,20274505.6299151
1300.0,968058.553709306,5625246.8581607435,2845759.023765528,20273824.726958882
1305.0,968045.5043342271,5625251.606230894,2845754.0772412224,20273147.881762136
1310.0,968032.8581763391,5625257.132570175,2845747.455056284,20272475.172909822
1315.0,968021.0988663299,5625263.2709712,2845739.3212330644,20271806.7004924
1320.0,968010.6232252521,5625269.795313682,2845729.987763178,20271142.576059956
1325.0,968001.7024212773,5625276.441698558,2845719.8840681273,20270482.91150583
1330.0,967994.455425588,5625282.934280089,2845709.514965031,20269827.807995044
1335.0,967988.8373658237,5625289.012267341,2845699.411251913,20269177.34604028
1340.0,967984.643917413,5625294.455451925,2845690.077749491,20268531.577706654
1345.0,967981.5313032907,5625299.105763153,2845681.943885508,20267890.521707226
1350.0,967979.0499445787,5625302.882740644,2845675.321658848,20267254.161857948
1355.0,967976.6884684118,5625305.791409848,2845670.375098379,20266622.449022517
1360.0,967973.923765043,5625307.921789632,2845667.104206274,20265995.30632863
1365.0,967970.2721940555,5625309.440080217,2845665.3449576525,20265372.637112215
1370.0,967965.3369269582,5625310.572394134,2845664.785356606,20264754.334778287
1375.0,967958.8467916957,5625311.582622768,2845664.9959768327,20264140.29358091
1380.0,967950.682816599,5625312.746605096,2845665.471997211,20263530.419240538
1385.0,967940.8898755871,5625314.325127118,2845665.6826174245,20262924.638340168
1390.0,967929.6722949462,5625316.538394892,2845665.1230163947,20262322.90557125
1395.0,967917.3738520421,5625319.54447985,2845663.363767469,20261725.20812117
1400.0,967904.4441240744,5625323.4238462085,2845660.092873361,20261131.566784248
1405.0,967891.3944809521,5625328.171474987,2845655.1463063126,20260542.033708274
1410.0,967878.7480298773,5625333.697355528,2845648.524064153,20259956.687025256
1415.0,967866.98841112,5625339.83529648,2845640.390170649,20259375.62292443
1420.0,967856.5124568375,5625346.359193715,2845631.0566201136,20258798.945977423
1425.0,967847.5913467419,5625353.00516288,2845620.952837758,20258226.75869472
1430.0,967840.3440628635,5625359.497370055,2845610.5836450644,20257659.15136252
1435.0,967834.7257419337,5625365.575032077,2845600.479844643,20257096.193174124
1440.0,967830.5320658281,5625371.017943521,2845591.146261573,20256537.925533537
1445.0,967827.4192606523,5625375.668031559,2845583.0123273074,20255984.358185705
1450.0,967824.9377471121,5625379.444828786,2845576.390043427,20255435.468540728
1455.0,967822.5761483808,5625382.353349421,2845571.4434402166,20254891.20423707
1460.0,967819.8113475912,5625384.483598002,2845568.1725198487,20254351.488664888
1465.0,967816.1596947458,5625386.001758719,2845566.413256027,20253816.2288757
1470.0,967811.2243502489,5625387.133927939,2845565.8536501448,20253285.325070307
1475.0,967804.7341305044,5625388.143982338,2845566.0642721914,20252758.680704013
1480.0,967796.5700529969,5625389.307749076,2845566.5402966826,20252236.2121933
1485.0,967786.7769825523,5625390.886006378,2845566.7509187167,20251717.857254602
1490.0,967775.5592390102,5625393.098957342,2845566.191312851,20251203.58104971
1495.0,967763.2605965657,5625396.104675539,2845564.4320487245,20250693.379537296
1500.0,967750.3306328347,5625399.98363221,2845561.161126354,20250187.279714204
1505.0,967737.2807216871,5625404.730819602,2845556.2145165647,20249685.336743608
1510.0,967724.6339774458,5625410.256241391,2845549.5922171846,20249187.628279403
1515.0,967712.8740499605,5625416.393722253,2845541.4582534,20248694.24657508
1520.0,967702.3977824934,5625422.917174227,2845532.124622218,20248205.28918348
1525.0,967693.4763662963,5625429.5627276655,2845522.020752561,20247720.849189926
1530.0,967686.2287942463,5625436.054560472,2845511.6514702733,20247241.00596175
1535.0,967680.6102121669,5625442.131897254,2845501.5475825504,20246765.817338914
1540.0,967676.41630838,5625447.574535546,2845492.2139188354,20246295.314039715
1545.0,967673.3033121619,5625452.224400385,2845484.0799142905,20245829.496827997
1550.0,967670.8216438028,5625456.001017341,2845477.4575731913,20245368.33670766
1555.0,967668.459922514,5625458.909389403,2845472.510927241,20244911.778104138
1560.0,967665.6950243101,5625461.039506776,2845469.2399786115,20244459.744693287
1565.0,967662.043289612,5625462.55753762,2845467.480699589,20244012.147273976
1570.0,967657.1078677215,5625463.689562141,2845466.921088872,20243568.89287976
1575.0,967650.6175635019,5625464.699442301,2845467.1317127384,20243129.89420551
1580.0,967642.4533835911,5625465.8629934415,2845467.607741343,20242695.078399453
1585.0,967632.6601837241,5625467.440986018,2845467.818365196,20242264.394341014
1590.0,967621.4422772932,5625469.653620166,2845467.258754496,20241837.817682665
1595.0,967609.143435323,5625472.65897159,2845465.499475169,20241415.35316356
1600.0,967596.2132358452,5625476.537518562,2845462.2285245364,20240997.03398013
1605.0,967583.1630566911,5625481.284264553,2845457.2818720075,20240582.91829626
1610.0,967570.5160193024,5625486.809227576,2845450.6595154097,20240173.083262865
1615.0,967558.7557831102,5625492.946248335,2845442.525481346,20239767.617165096
1620.0,967548.2792024784,5625499.469255033,2845433.1917695203,20239366.610499922
1625.0,967539.3574801988,5625506.114392732,2845423.0878125653,20238970.14688971
1630.0,967532.1096199953,5625512.605851157,2845412.7184406864,20238578.294748034
1635.0,967526.490776782,5625518.682862685,2845402.614465666,20238191.100532975
1640.0,967522.2966453272,5625524.1252278155,2845393.280721308,20237808.5842576
1645.0,967519.1834580783,5625528.774869449,2845385.1466464857,20237430.73769599
1650.0,967516.7016349093,5625532.551306126,2845378.52424817,20237057.525448628
1655.0,967514.3397910708,5625535.4595296085,2845373.5775594814,20236688.88874173
1660.0,967511.574795458,5625537.58951577,2845370.306582592,20236324.751560092
1665.0,967507.9229789131,5625539.107416738,2845368.547288369,20235965.02848012
1670.0,967502.9874796344,5625540.239296554,2845367.9876728174,20235609.63340199
1675.0,967496.4970909464,5625541.249002472,2845368.198298503,20235258.488294248
1680.0,967488.3328086408,5625542.412338009,2845368.6743312203,20234911.53106769
1685.0,967478.5394793611,5625543.990065853,2845368.884956894,20234568.721789137
1690.0,967467.3214100536,5625546.2023831755,2845368.3253413583,20234230.04661726
1695.0,967455.0223685725,5625549.207367818,2845366.566046831,20233895.51907681
1700.0,967442.0919333646,5625553.085505079,2845363.295067939,20233565.17855806
1705.0,967429.0414862225,5625557.831809659,2845358.3483726713,20233239.08620958
1710.0,967416.3941557065,5625563.356313901,2845351.7259588577,20232917.318654705
1715.0,967404.633610827,5625569.492874542,2845343.591854518,20232599.960179545
1720.0,967394.1567170506,5625576.015435946,2845334.258062051,20232287.094191562
1725.0,967385.2346887083,5625582.660157894,2845324.154017801,20231978.794816792
1730.0,967377.9865403688,5625589.151241923,2845313.784556334,20231675.11948543
1735.0,967372.3674360374,5625595.227928187,2845303.680494019,20231376.103250556
1740.0,967368.1730769285,5625600.670020145,2845294.346669021,20231081.75540564
1745.0,967365.0596986597,5625605.319438565,2845286.212523924,20230792.05873059
1750.0,967362.5777206898,5625609.095694955,2845279.590068394,20230506.97142847
1755.0,967360.2157543087,5625612.003769853,2845274.643336968,20230226.431541715
1760.0,967357.4506612936,5625614.133624799,2845271.372331819,20229950.363387287
1765.0,967353.7987629073,5625615.651395885,2845269.6130223963,20229678.6853476
1770.0,967348.863186246,5625616.783130993,2845269.05340201,20229411.31822028
1775.0,967342.3727130963,5625617.792662662,2845269.2640295154,20229148.19327738
1780.0,967334.2083284039,5625618.955782595,2845269.740066346,20228889.259218156
1785.0,967324.4148697216,5625620.5332456995,2845269.9506938388,20228634.487316042
1790.0,967313.1966375501,5625622.745246189,2845269.391073468,20228383.874246586
1795.0,967300.8973965726,5625625.749864039,2845267.631763742,20228137.442321178
1800.0,967287.9667256514,5625629.627591577,2845264.3607565896,20227895.237115316
1805.0,967274.9160105399,5625634.373454732,2845259.414018586,20227657.322744932
1810.0,967262.2683869164,5625639.897500179,2845252.7915475583,20227423.775281463
1815.0,967250.5075333699,5625646.033600689,2845244.6573729445,20227194.67498326
1820.0,967240.0303264691,5625652.5557167865,2845235.3234998393,20226970.098137964
1825.0,967231.1079920831,5625659.200022966,2845225.219368297,20226750.109346565
1830.0,967223.8595556254,5625665.690732586,2845214.849817245,20226534.755031466
1835.0,967218.2401901915,5625671.767093574,2845204.7456676387,20226324.058823083
1840.0,967214.0456034421,5625677.208912351,2845195.411762004,20226118.01928606
1845.0,967210.9320341648,5625681.858107546,2845187.2775466344,20225916.610206194
1850.0,967208.4499014029,5625685.634183644,2845180.6550338916,20225719.783398133
1855.0,967206.0878124868,5625688.542109952,2845175.7082597306,20225527.473737612
1860.0,967203.3226220753,5625690.671833677,2845172.4372263225,20225339.605896972
1865.0,967199.6706418531,5625692.189474879,2845170.6779017015,20225156.102091465
1870.0,967194.7349878153,5625693.321065275,2845170.11827648,20224976.890043803
1875.0,967188.2444302101,5625694.330422693,2845170.3289058055,20224801.91035514
1880.0,967180.0799431391,5625695.493327012,2845170.804946748,20224631.122534048
1885.0,967170.2863550648,5625697.070525372,2845171.0155760604,20224464.509074613
1890.0,967159.0679600411,5625699.282209018,2845170.4559508557,20224302.077175066
1895.0,967146.7685195819,5625702.286460067,2845168.6966259307,20224143.857930418
1900.0,967133.8376129642,5625706.163777872,2845165.4255905203,20223989.903089937
1905.0,967120.7866299016,5625710.909199588,2845160.4788097804,20223840.27971823
1910.0,967108.1387131903,5625716.432786226,2845153.8562815413,20223695.063310888
1915.0,967096.3775509974,5625722.5684265895,2845145.7220366555,20223554.330071732
1920.0,967085.9000309922,5625729.090097366,2845136.388082916,20223418.149141774
1925.0,967076.9773905817,5625735.7339877635,2845126.283864084,20223286.575572748
1930.0,967069.7286660238,5625742.2243229635,2845115.9142234502,20223159.64476016
1935.0,967064.1090395036,5625748.300358663,2845105.809986555,20223037.368899636
1940.0,967059.9142251268,5625753.741904248,2845096.476000286,20222919.73582295
1945.0,967056.800464852,5625758.39087621,2845088.3417146467,20222806.71032611
1950.0,967054.318177308,5625762.16677201,2845081.7191446936,20222698.23784759
1955.0,967051.9559658635,5625765.074549722,2845076.7723277984,20222594.250115097
1960.0,967049.1906780618,5625767.20414222,2845073.5012661326,20222494.672179464
1965.0,967045.5386160095,5625768.721653534,2845071.7419263134,20222399.430113927
1970.0,967040.602884601,5625769.853099215,2845071.182296258,20222308.458590776
1975.0,967034.112242547,5625770.862282377,2845071.3929274026,20222221.707561523
1980.0,967025.9476531051,5625772.024971077,2845071.8689724575,20222139.147359934
1985.0,967016.1539356483,5625773.601904685,2845072.0796035896,20222060.771709558
1990.0,967004.9353777855,5625775.8132714825,2845071.5199735505,20221986.598332193
1995.0,966992.635737859,5625778.81715572,2845069.7606334267,20221916.667099413
2000.0,966979.7045955615,5625782.694063777,2845066.4895697585,20221851.035919968
2005.0,966966.6533445665,5625787.439044043,2845061.542746285,20221789.774787128
2010.0,966954.005134787,5625792.962171858,2845054.920160836,20221732.95859705
2015.0,966942.2436639678,5625799.09735206,2845046.7858456816,20221680.65947427
2020.0,966931.7658308788,5625805.618577503,2845037.451811309,20221632.939389776
2025.0,966922.842884463,5625812.262052104,2845027.3475051913,20221589.843826532
2030.0,966915.5938718222,5625818.7520128675,2845016.9777749786,20221551.39713934
2035.0,966909.9739842314,5625824.8277232675,2845006.873450798,20221517.600082394
2040.0,966905.7789422412,5625830.26899565,2844997.539383898,20221488.42975573
2045.0,966902.6649909801,5625834.917744371,2844989.4050279907,20221463.841974303
2050.0,966900.1825486624,5625838.693459865,2844982.7824008293,20221443.775815733
2055.0,966897.8202146976,5625841.601088976,2844977.8355412018,20221428.159879975
2060.0,966895.0548295116,5625843.730550244,2844974.564451279,20221416.919619426
2065.0,966891.4026856346,5625845.247931666,2844972.805096262,20221409.98498872
2070.0,966886.4668768607,5625846.379232627,2844972.245461372,20221407.297630988
2075.0,966879.9761503648,5625847.3882415285,2844972.456094336,20221408.816865068
2080.0,966871.8114585605,5625848.550714606,2844972.9321435033,20221414.523860734
2085.0,966862.0176117313,5625850.127383455,2844973.1427764553,20221424.4235746
2090.0,966850.7988910412,5625852.338433392,2844972.5831415816,20221438.54424805
2095.0,966838.4990516619,5625855.341950809,2844970.82378626,20221456.934518043
2100.0,966825.5676737018,5625859.21844911,2844967.552694335,20221479.658435695
2105.0,966812.516154793,5625863.962987912,2844962.6058281297,20221506.788901675
2110.0,966799.867651965,5625869.48565689,2844955.9831854724,20221538.400189463
2115.0,966788.1058725398,5625875.620376916,2844947.848800052,20221574.56032158
2120.0,966777.627726387,5625882.141157008,2844938.514685049,20221615.32407914
2125.0,966768.7044739852,5625888.784215799,2844928.410291648,20221660.727361396
2130.0,966761.4551732796,5625895.273802116,2844918.0404718607,20221710.783473987
2135.0,966755.8350246337,5625901.349187203,2844907.9360603974,20221765.481728572
2140.0,966751.6397550436,5625906.790186373,2844898.6019128687,20221824.788499784
2145.0,966748.5256128076,5625911.438711845,2844890.4674866963,20221888.65063459
2150.0,966746.0430157253,5625915.214247026,2844883.8448023284,20221957.000868205
2155.0,966743.6805592474,5625918.12172753,2844878.8978999695,20222029.764694694
2160.0,966740.9150766834,5625920.251057564,2844875.6267817914,20222106.86799099
2165.0,966737.2628509874,5625921.76830909,2844873.867411577,20222188.244614776
2170.0,966732.3269648537,5625922.899465327,2844873.3077718527,20222273.843198128
2175.0,966725.8361539224,5625923.908299965,2844873.5184066365,20222363.63243977
2180.0,966717.6713597636,5625925.070557414,2844873.9944599164,20222457.604351286
2185.0,966707.8773835723,5625926.646961495,2844874.205094687,20222555.775120713
2190.0,966696.6585000672,5625928.857694567,2844873.6454549795,20222658.183500126
2195.0,966684.3584612501,5625931.860845152,2844871.886084461,20222764.886876673
2200.0,966671.4268476436,5625935.736933684,2844868.6149642803,20222875.955423918
2205.0,966658.3750608395,5625940.48103101,2844863.668055344,20222991.464927327
2210.0,966645.7262649831,5625946.003241137,2844857.0453554806,20223111.4890149
2215.0,966633.9641769724,5625952.137500972,2844848.910899796,20223236.09158645
2220.0,966623.4857177756,5625958.6578357015,2844839.5767041664,20223365.3202169
2225.0,966614.5621594071,5625965.300478667,2844829.4722234854,20223499.201211467
2230.0,966607.3125706544,5625971.789690523,2844819.1023141253,20223637.736823544
2235.0,966601.6921609694,5625977.864750287,2844808.997815382,20223780.90492667
2240.0,966597.4966637925,5625983.305476233,2844799.663587228,20223928.661181573
2245.0,966594.3823305931,5625987.953778448,2844791.5290907933,20224080.943484668
2250.0,966591.8995787555,5625991.729133309,2844784.9063492203,20224237.678250313
2255.0,966589.5369997716,5625994.6364652,2844779.9594041323,20224398.787890088
2260.0,966586.7714198355,5625996.7656639945,2844776.6882576994,20224564.198728334
2265.0,966583.1191123258,5625998.282785621,2844774.928872288,20224733.84854568
2270.0,966578.1831488387,5625999.413797131,2844774.36922773,20224907.692977976
2275.0,966571.6922534782,5626000.4224574985,2844774.5798643334,20225085.710112102
2280.0,966563.5273569733,5626001.584499314,2844775.0559217245,20225267.902802154
2285.0,966553.7332514297,5626003.160638624,2844775.266558315,20225454.298460755
2290.0,966542.5142051221,5626005.371054821,2844774.7069137734,20225644.94633687
2295.0,966530.2139668819,5626008.373838565,2844772.9475280577,20225839.912548598
2300.0,966517.2821176457,5626012.249517316,2844769.676379623,20226039.273369204
2305.0,966504.2300629648,5626016.993173152,2844764.7294279574,20226243.107445154
2310.0,966491.5809740998,5626022.514924414,2844758.10667089,20226451.48773654
2315.0,966479.8185775236,5626028.648724045,2844749.9721449437,20226664.47400188
2320.0,966469.3398053031,5626035.168613394,2844740.6378686903,20226882.106597055
2325.0,966460.4159409873,5626041.810840523,2844730.533300732,20227104.402227625
2330.0,966453.166064205,5626048.299677904,2844720.1633018027,20227331.352096997
2335.0,966447.5453934968,5626054.374412332,2844710.058715783,20227562.922650497
2340.0,966443.349668747,5626059.814865046,2844700.7244070056,20227799.058851644
2345.0,966440.235144595,5626064.462943993,2844692.5898403106,20228039.68966807
2350.0,966437.7522380111,5626068.238118527,2844685.9670415353,20228284.735217873
2355.0,966435.3895365284,5626071.145301799,2844681.020053719,20228534.114855148
2360.0,966432.6238592268,5626073.2743693525,2844677.7488790327,20228787.755374327
2365.0,966428.9714699091,5626074.791361074,2844675.989478425,20229045.598497123
2370.0,966424.035429074,5626075.922227854,2844675.4298290336,20229307.606874783
2375.0,966417.5444492911,5626076.930713947,2844675.640467456,20229573.767986175
2380.0,966409.3794504481,5626078.092540124,2844676.116528959,20229844.095523626
2385.0,966399.5852155626,5626079.668414656,2844676.327167369,20230118.62811223
2390.0,966388.3660064645,5626081.8785139695,2844675.767517993,20230397.425479226
2395.0,966376.0655688155,5626084.880930862,2844674.0081170816,20230680.56245037
2400.0,966363.1334839669,5626088.756199821,2844670.7369403928,20230968.12137313
2405.0,966350.0811614275,5626093.499414154,2844665.7899459996,20231260.183729902
2410.0,966337.4317795734,5626099.020706538,2844659.1671317304,20231556.82179092
2415.0,966325.6690744521,5626105.154045949,2844651.032535525,20231858.091156833
2420.0,966315.1899892282,5626111.673489904,2844641.69817865,20232164.02495523
2425.0,966306.2658189842,5626118.315301181,2844631.5935234176,20232474.63029107
2430.0,966299.0156541903,5626124.803764074,2844621.223434922,20232789.887325283
2435.0,966293.3947224743,5626130.878173154,2844611.1187616293,20233109.751090474
2440.0,966289.1987701652,5626136.318352625,2844601.784372232,20233434.155874766
2445.0,966286.0840550724,5626140.966208299,2844593.649735279,20233763.021743096
2450.0,966283.6009937511,5626144.741202498,2844587.026879303,20234096.26254497
2455.0,966281.2381697772,5626147.648237147,2844582.0798487603,20234433.79460346
2460.0,966278.4723951156,5626149.777173451,2844578.808645821,20234775.54520568
2465.0,966274.8199239956,5626151.294035266,2844577.0492300177,20235121.460030735
2470.0,966269.8838058179,5626152.424757309,2844576.4895757926,20235471.508753635
2475.0,966263.3927416197,5626153.433069126,2844576.700216034,20235825.688244767
2480.0,966255.2276404463,5626154.594679658,2844577.1762816487,20236184.023025304
2485.0,966245.4332762287,5626156.170289404,2844577.386921878,20236546.562915515
2490.0,966234.2139043527,5626158.380071826,2844576.827267669,20236913.378097426
2495.0,966221.9132673097,5626161.382121858,2844575.067851562,20237284.55207718
2500.0,966208.9809468652,5626165.256981013,2844571.79664662,20237660.17324817
2505.0,966195.9283564863,5626169.999753832,2844566.8496095003,20238040.325902473
2510.0,966183.2786816629,5626175.520587322,2844560.2267380315,20238425.081598934
2515.0,966171.5156680167,5626181.6534664985,2844552.092071569,20238814.491765928
2520.0,966161.0362698094,5626188.172465046,2844542.757634076,20239208.58229697
2525.0,966152.1117936564,5626194.813860456,2844532.652891572,20239607.35070009
2530.0,966144.861340869,5626201.301948851,2844522.2827135134,20240010.766106687
2535.0,966139.2401481611,5626207.376032569,2844512.177952951,20240418.772157535
2540.0,966135.0439683062,5626212.815938787,2844502.8434829353,20240831.292492356
2545.0,966131.9290622832,5626217.463571177,2844494.7087757275,20241248.238303684
2550.0,966129.4458462337,5626221.238385035,2844488.085862553,20241669.517203182
2555.0,966127.0828997759,5626224.145271056,2844483.138789285,20242095.042510856
2560.0,966124.317027761,5626226.274076109,2844479.867558094,20242524.742028892
2565.0,966120.6644748438,5626227.79080801,2844478.1081270957,20242958.565408304
2570.0,966115.7282793297,5626228.921385315,2844477.5484680375,20243396.489352975
2575.0,966109.2371307223,5626229.929522849,2844477.759110098,20243838.520119954
2580.0,966101.0719272268,5626231.090917733,2844478.2351798243,20244284.69304489
2585.0,966091.2774336872,5626232.666262685,2844478.445821873,20244735.06912076
2590.0,966080.0578990456,5626234.875728209,2844477.8861628305,20245189.728956047
2595.0,966067.7570626232,5626237.877411369,2844476.1267315275,20245648.76470602
2600.0,966054.8245065997,5626241.751860711,2844472.855498335,20246112.270779036
2605.0,966041.7716483994,5626246.494192,2844467.9084184896,20246580.33424938
2610.0,966029.1216806265,5626252.014566584,2844461.2854898223,20247053.02594347
2615.0,966017.3583584762,5626258.146985511,2844453.150753106,20247530.393105064
2620.0,966006.8786473055,5626264.665538636,2844443.816234997,20248012.454391405
2625.0,965997.9538652627,5626271.306518164,2844433.7114052256,20248499.197721925
2630.0,965990.7031244991,5626277.794232045,2844423.341137607,20248990.581216656
2635.0,965985.0816708152,5626283.867990393,2844413.2362897764,20249486.537150953
2640.0,965980.885263428,5626289.307623347,2844403.901739147,20249986.978548173
2645.0,965977.7701664865,5626293.955032445,2844395.766961686,20250491.80776306
2650.0,965975.286795718,5626297.7296659555,2844389.1439913153,20251000.926203113
2655.0,965972.9237267836,5626300.636403343,2844384.1968753235,20251514.24421469
2660.0,965970.157757421,5626302.765077137,2844380.925615882,20252031.690137267
2665.0,965966.5051227123,5626304.281679124,2844379.166169689,20252553.21760646
2670.0,965961.5688498677,5626305.412111687,2844378.606505797,20253078.810356878
2675.0,965955.0776168577,5626306.420074934,2844378.817149677,20253608.484023053
2680.0,965946.9123110481,5626307.581254161,2844379.2932235147,20254142.28473572
2685.0,965937.1176881971,5626309.156334316,2844379.503867382,20254680.284632914
2690.0,965925.897990802,5626311.365482931,2844378.9442035067,20255222.574716493
2695.0,965913.5969550146,5626314.366799212,2844377.184757009,20255769.255755644
2700.0,965900.6641634287,5626318.240838725,2844373.9134955653,20256320.428140048
2705.0,965887.6110374258,5626322.982728472,2844368.966372997,20256876.181697555
2710.0,965874.9607767231,5626328.502644137,2844362.343387134,20257436.586501595
2715.0,965863.1971460886,5626334.634602801,2844354.2085801656,20258001.68560109
2720.0,965852.7171219748,5626341.152710488,2844344.8739814437,20258571.49041832
2725.0,965843.7920340616,5626347.793274123,2844334.7690644073,20259145.97929707
2730.0,965836.5410053398,5626354.280613476,2844324.398707232,20259725.099369477
2735.0,965830.9192906959,5626360.354046442,2844314.2937721373,20260308.77157727
2740.0,965826.7226557897,5626365.7934061205,2844304.959140896,20260896.898364555
2745.0,965823.6073679405,5626370.440591917,2844296.8242931846,20261489.37328706
2750.0,965821.1238424623,5626374.215045073,2844290.201265619,20262086.091584764
2755.0,965818.7606510585,5626377.12163382,2844285.2541069053,20262686.960661277
2760.0,965815.9945843546,5626379.250176354,2844281.982819214,20263291.909415305
2765.0,965812.3418678602,5626380.766648421,2844280.223357827,20263900.895477947
2770.0,965807.4055176901,5626381.896936236,2844279.6636891016,20264513.909613177
2775.0,965800.9142002845,5626382.904725194,2844279.8743348005,20265130.976819452
2780.0,965792.7487921689,5626384.065688761,2844280.3504127497,20265752.153998267
2785.0,965782.9540400159,5626385.64050411,2844280.561058436,20266377.52439996
2790.0,965771.73417988,5626387.84933581,2844280.0013897275,20267007.1893819
2795.0,965759.4329447426,5626390.8502851995,2844278.241928036,20267641.25828812
2800.0,965746.4999176111,5626394.723914875,2844274.970638342,20268279.83745328
2805.0,965733.4465238241,5626399.4653630685,2844270.0234730523,20268923.019429047
2810.0,965720.7959702113,5626404.984819797,2844263.400429995,20269570.87351583
2815.0,965709.032031113,5626411.116318184,2844255.2655527773,20270223.438559562
2820.0,965698.5516940762,5626417.633980419,2844245.9308734452,20270880.718752407
2825.0,965689.6263003119,5626424.274128145,2844235.825869147,20271542.682880033
2830.0,965682.3749836495,5626430.761092957,2844225.455422418,20272209.267115377
2835.0,965676.7530080611,5626436.8342005275,2844215.3504000623,20272880.38110374
2840.0,965672.5561456499,5626442.273286922,2844206.015688212,20273555.916752063
2845.0,965669.4406669046,5626446.92024941,2844197.8807702526,20274235.758860014
2850.0,965666.9569867252,5626450.694522205,2844191.257685494,20274919.796539605
2855.0,965664.5936728596,5626453.600962306,2844186.31048406,20275607.934283927
2860.0,965661.8275088203,5626455.729373575,2844183.03916812,20276300.10157272
2865.0,965658.1747105457,5626457.245715717,2844181.2796915392,20276996.260041557
2870.0,965653.2382830563,5626458.375858783,2844180.720017981,20277696.407479197
2875.0,965646.7468812612,5626459.383473445,2844180.930665499,20278400.578230187
2880.0,965638.581370848,5626460.544221346,2844181.406747559,20279108.83993747
2885.0,965628.7864894033,5626462.118771884,2844181.6173950643,20279821.28692586
2890.0,965617.5664665388,5626464.32728666,2844181.0577215226,20280538.030865714
2895.0,965605.2650320657,5626467.327869148,2844179.298244638,20281259.189632937
2900.0,965592.3317694053,5626471.201088973,2844176.0269266954,20281984.87546826
2905.0,965579.2781078527,5626475.942095599,2844171.0797186852,20282715.18361627
2910.0,965566.6272613497,5626481.46109338,2844164.456618436,20283450.182584822
2915.0,965554.8630138079,5626487.592131475,2844156.321670971,20284189.907010853
2920.0,965544.3823638681,5626494.109348242,2844146.986911032,20284934.35386474
2925.0,965535.4566642721,5626500.749080046,2844136.881819475,20285683.48239613
2930.0,965528.2050596869,5626507.235670306,2844126.511283195,20286437.217852645
2935.0,965522.5828231698,5626513.308452469,2844116.4061735813,20287195.458625656
2940.0,965518.3857332668,5626518.747265569,2844107.071381124,20287958.086132005
2945.0,965515.2700636364,5626523.394004738,2844098.9363929196,20288724.976462312
2950.0,965512.7862287656,5626527.168097165,2844092.313250971,20289496.012643058
2955.0,965510.4227924452,5626530.074388616,2844087.366006817,20290271.096290458
2960.0,965507.6565310769,5626532.202668614,2844084.0946626295,20291050.157486733
2965.0,965504.0036510275,5626533.7188808285,2844082.3351708557,20291833.16187918
2970.0,965499.0671462244,5626534.84887914,2844081.7754924647,20292620.114273485
2975.0,965492.5756600467,5626535.856319502,2844081.986141802,20293411.058338176
2980.0,965484.4100473438,5626537.016851733,2844082.4622279727,20294206.07242348
2985.0,965474.6150366175,5626538.591137452,2844082.672877297,20295005.26188582
2990.0,965463.3948510363,5626540.799335294,2844082.113198923,20295808.748661328
2995.0,965451.0932172424,5626543.799550873,2844080.3537068446,20296616.65911105
3000.0,965438.1597190701,5626547.672360837,2844077.0823606546,20297429.111340262
3005.0,965425.1057897705,5626552.412925883,2844072.135109925,20298246.203254543
3010.0,965412.454650397,5626557.931464701,2844065.511952486,20299068.002550166
3015.0,965400.690094432,5626564.062042489,2844057.376934777,20299894.53965116
3020.0,965390.2091316095,5626570.578813776,2844048.042094233,20300725.804317918
3025.0,965381.2831262005,5626577.218129641,2844037.93691542,20301561.746290687
3030.0,965374.0312337105,5626583.704345335,2844027.5662895925,20302402.27993081
3035.0,965368.4087362809,5626589.776802081,2844017.4610927235,20303247.292423464
3040.0,965364.2114188996,5626595.215341875,2844008.1262196633,20304096.654747345
3045.0,965361.0955583955,5626599.861857719,2843999.9911612156,20304950.234335095
3050.0,965358.6115688419,5626603.63576977,2843993.367962078,20305807.908172894
3055.0,965356.2480100741,5626606.541912563,2843988.4206752074,20306669.57503505
3060.0,965353.4816513826,5626608.670061286,2843985.1493027722,20307535.16562747
3065.0,965349.8286895643,5626610.186143571,2843983.389795806,20308404.64961454
3070.0,965344.8921074532,5626611.315997122,2843982.8301125825,20309278.038807843
3075.0,965338.4005368995,5626612.323263182,2843983.0407637386,20310155.386173546
3080.0,965330.2348219149,5626613.483579736,2843983.5168540203,20311036.78073011
3085.0,965320.439681917,5626615.05760063,2843983.7275051638,20311922.338817757
3090.0,965309.2193336319,5626617.2654815335,2843983.1678219563,20312812.192586597
3095.0,965296.9175005318,5626620.265330191,2843981.4083146863,20313706.47683233
3100.0,965283.983766864,5626624.137730282,2843978.1369402492,20314605.31548072
3105.0,965270.9295698359,5626628.877853734,2843973.1896468024,20315508.809065346
3110.0,965258.2781376116,5626634.395933575,2843966.5664321748,20316417.02445243
3115.0,965246.5132732438,5626640.526051043,2843958.4313442237,20317329.987851255
3120.0,965236.0319975587,5626647.042376834,2843949.096423078,20318247.6818275
3125.0,965227.1056863567,5626653.681276748,2843938.9911570125,20319170.046643093
3130.0,965219.8535059791,5626660.167117861,2843928.6204416407,20320096.9858172
3135.0,965214.2307476524,5626666.239249176,2843918.5151575194,20321028.375381786
3140.0,965210.0332028068,5626671.677515657,2843909.1802038588,20321964.075934105
3145.0,965206.9171514399,5626676.323808165,2843901.04507517,20322903.946303904
3150.0,965204.4330072128,5626680.097539834,2843894.4218188464,20323847.85748505
3155.0,965202.0693260051,5626683.003533964,2843889.474489259,20324795.705446158
3160.0,965199.3028699968,5626685.13155141,2843886.2030885783,20325747.42153778
3165.0,965195.6498264145,5626686.647503758,2843884.44356642,20326702.979444917
3170.0,965190.7131670015,5626687.777212549,2843883.883878364,20327662.397970807
3175.0,965184.2215120781,5626688.784304298,2843884.0945313387,20328625.73934876
3180.0,965176.0556948202,5626689.944405173,2843884.5706257313,20329593.103221603
3185.0,965166.2604255608,5626691.5181612335,2843884.7812786936,20330564.616860628
3190.0,965155.0399145841,5626693.725725189,2843884.221590654,20331540.422573622
3195.0,965142.737882192,5626696.725206915,2843882.4620681917,20332520.66353672
3200.0,965129.803913046,5626700.597197123,2843879.190665509,20333505.46944969
3205.0,965116.7494483078,5626705.336878968,2843874.243329346,20334494.943440046
3210.0,965104.0977232526,5626710.85449982,2843867.6200575326,20335489.15152608
3215.0,965092.3325505019,5626716.984156949,2843859.4848993416,20336488.115702566
3220.0,965081.8509619746,5626723.500037231,2843850.1498975973,20337491.81135913
3225.0,965072.9243449983,5626730.13852118,2843840.044544282,20338500.169314913
3230.0,965065.6718767514,5626736.6239877,2843829.673739369,20339513.082296
3235.0,965060.0488575434,5626742.695793573,2843819.5683679986,20340530.415239234
3240.0,965055.8510852468,5626748.133786728,2843810.2333337404,20341552.01842191
3245.0,965052.7348430287,5626752.779855893,2843802.0981348134,20342577.74212983
3250.0,965050.2505441371,5626756.553407173,2843795.474821305,20343607.451415237
3255.0,965047.8867404968,5626759.459252637,2843790.527449003,20344641.039478566
3260.0,965045.1201871773,5626761.587138797,2843787.2560200775,20345678.43833561
3265.0,965041.4670618374,5626763.102961207,2843785.4964827276,20346719.62569366
3270.0,965036.5303251275,5626764.23252523,2843784.9367898395,20347764.62733031
3275.0,965030.0385858414,5626765.239442669,2843785.147444633,20348813.514711253
3280.0,965021.8726663183,5626766.3993278565,2843785.623543136,20349866.398055125
3285.0,965012.0772678074,5626767.97281908,2843785.8341979166,20350923.41550674
3290.0,965000.8565941511,5626770.180066077,2843785.274505045,20351984.719470754
3295.0,964988.554362482,5626773.179180863,2843783.5149673913,20353050.461445943
3300.0,964975.6201578744,5626777.050761174,2843780.2435364635,20354120.776857127
3305.0,964962.5654254449,5626781.790001402,2843775.2961575864,20355195.771390732
3310.0,964949.9134075782,5626787.307163248,2843768.6728285886,20356275.510199763
